<?xml version="1.0" encoding="UTF-8" ?>
<!DOCTYPE mapper
        PUBLIC "-//mybatis.org//DTD Mapper 3.0//EN"
        "http://mybatis.org/dtd/mybatis-3-mapper.dtd">

<mapper namespace="com.dgtec.mapper.SysMenuMapper">

    <resultMap id="ResultMap" type="com.dgtec.system.model.Menu">
        <id column="ID" property="id" jdbcType="DECIMAL"/>
        <result column="PARENT_ID" property="parentId" jdbcType="DECIMAL"/>
        <result column="CODE" property="code" jdbcType="VARCHAR"/>
        <result column="NAME" property="name" jdbcType="VARCHAR"/>
        <result column="INDEX_" property="index" jdbcType="DECIMAL"/>
        <result column="LEVEL" property="level" jdbcType="DECIMAL"/>
        <result column="NODE_PROP" property="nodeProp" jdbcType="DECIMAL"/>
        <result column="TYPE" property="type" jdbcType="DECIMAL"/>
        <result column="STATUS" property="status" jdbcType="DECIMAL"/>
        <result column="ICON" property="icon" jdbcType="VARCHAR"/>
        <result column="ROUTE" property="route" jdbcType="VARCHAR"/>
        <result column="FILE_PATH" property="filePath" jdbcType="VARCHAR"/>
        <result column="TENANT_ID" property="tenantId" jdbcType="DECIMAL"/>
    </resultMap>

    <select id="findAll2Tenant" resultMap="ResultMap">
        select ID, PARENT_ID, CODE, NAME, INDEX_, LEVEL, NODE_PROP, TYPE, STATUS, ICON, ROUTE, FILE_PATH, TENANT_ID
        from SYS_MENU m
        <where>
            <if test="tenantId!=null">
                m.TENANT_ID = #{tenantId, jdbcType=DECIMAL}
            </if>
        </where>
        order by LEVEL, INDEX_
    </select>

    <select id="findAll2User" resultMap="ResultMap">
        select ID, PARENT_ID, CODE, NAME, INDEX_, LEVEL, NODE_PROP, TYPE, STATUS, ICON, ROUTE, FILE_PATH, TENANT_ID
          from SYS_MENU m
        <if test="user!=null">
            join (select distinct menu_id from sys_role_menu rm
            join sys_user_role ur on ur.role_id = rm.role_id
            where ur.user_id = #{user.id, jdbcType=DECIMAL}) vrm on m.id = vrm.menu_id
         <where>
             <if test="user.tenantId!=null">
                 m.TENANT_ID = #{user.tenantId, jdbcType=DECIMAL}
             </if>
             <if test="nodeProps!=null">
             <foreach collection="nodeProps" item="item" open="AND m.NODE_PROP IN (" close=")" separator=",">
                 #{item, jdbcType=DECIMAL}
             </foreach>
             </if>
         </where>
        </if>
         order by LEVEL, INDEX_
    </select>

    <select id="findIntfPermissions2User" resultType="java.lang.String">
        select CODE
        from SYS_MENU m
        <if test="user!=null">
            join (select distinct menu_id from sys_role_menu rm
            join sys_user_role ur on ur.role_id = rm.role_id
            where ur.user_id = #{user.id, jdbcType=DECIMAL}) vrm on m.id = vrm.menu_id
        <where>
            m.NODE_PROP = 3
            <if test="user.tenantId!=null">
                AND m.TENANT_ID = #{user.tenantId, jdbcType=DECIMAL}
            </if>
        </where>
        </if>
    </select>

    <select id="getMaxId" resultType="java.lang.Integer">
        select ifnull(max(id), 0) from SYS_MENU
    </select>

    <insert id="insert" parameterType="com.dgtec.system.model.Menu">
        insert into SYS_MENU(ID, PARENT_ID, CODE, NAME, INDEX_, LEVEL, NODE_PROP, TYPE, STATUS, ICON, ROUTE, FILE_PATH, TENANT_ID)
         values (#{id}, #{parentId}, #{code}, #{name}, #{index}, #{level}, #{nodeProp}, #{type}, #{status}, #{icon}, #{route}, #{filePath}, #{tenantId})
    </insert>

    <delete id="deleteAll">
        delete from SYS_MENU where TENANT_ID is not null
    </delete>
</mapper>