<?xml version="1.0" encoding="UTF-8"?>
<!DOCTYPE mapper PUBLIC "-//mybatis.org//DTD Mapper 3.0//EN" "http://mybatis.org/dtd/mybatis-3-mapper.dtd">

<mapper namespace="com.dgtec.mapper.SysRoleMapper">

    <select id="findList" resultType="com.dgtec.entity.SysRole">
        SELECT * FROM SYS_ROLE
        <where>
            <if test="role.name!=null and role.name!=''">
                AND NAME = #{role.name, jdbcType=VARCHAR}
            </if>
            <if test="role.tenantId!=null">
                AND TENANT_ID = #{role.tenantId, jdbcType=DECIMAL}
            </if>
        </where>
        ORDER BY ID ASC
        <if test="limit!=null">
            LIMIT #{start, jdbcType=DECIMAL}, #{limit, jdbcType=DECIMAL}
        </if>
    </select>

    <select id="findMap" resultType="com.dgtec.entity.SysRole">
        SELECT * FROM SYS_ROLE
        <where>
            <foreach collection="roleNames" item="item" open="NAME IN (" close=")" separator=",">
                #{item, jdbcType=VARCHAR}
            </foreach>
            <if test="tenantId!=null and tenantId!=''">
                AND TENANT_ID = #{tenantId, jdbcType=DECIMAL}
            </if>
        </where>
    </select>

</mapper>