<?xml version="1.0" encoding="UTF-8"?>
<!DOCTYPE mapper PUBLIC "-//mybatis.org//DTD Mapper 3.0//EN" "http://mybatis.org/dtd/mybatis-3-mapper.dtd">

<mapper namespace="com.dgtec.mapper.SysRoleMenuMapper">

    <select id="findMenuIdListGrantRoleId" resultType="java.lang.Integer">
        select menu_id from sys_role_menu
        <where>
            <if test="roleId!=null">
                role_id = #{roleId, jdbcType=DECIMAL}
            </if>
            <if test="triState!=null">
                and tri_state = #{triState, jdbcType=VARCHAR}
            </if>
        </where>
    </select>

    <delete id="deleteByRole">
        delete from sys_role_menu where role_id=#{role.id}
    </delete>

</mapper>