<?xml version="1.0" encoding="UTF-8"?>
<!DOCTYPE mapper PUBLIC "-//mybatis.org//DTD Mapper 3.0//EN" "http://mybatis.org/dtd/mybatis-3-mapper.dtd">

<mapper namespace="com.dgtec.mapper.SysUserPermissionMapper">

    <!--select id="findAreaIdListGrantUserId" resultType="java.lang.Integer">
        select area_id from sys_user_permission
        <where>
            <if test="userId!=null">
                user_id = #{userId, jdbcType=DECIMAL}
            </if>
        </where>
    </select-->

    <select id="findAreaIdListGrantUser" resultType="java.lang.Integer">
        select area_id from sys_user_permission
        <where>
            <if test="user.id!=null">
                user_id = #{user.id, jdbcType=DECIMAL}
            </if>
        </where>
    </select>

    <delete id="deleteByUser">
        delete from sys_user_permission
        <where>
            <if test="user.id!=null">
                user_id = #{user.id, jdbcType=DECIMAL}
            </if>
        </where>
    </delete>

</mapper>