<?xml version="1.0" encoding="UTF-8"?>
<!DOCTYPE mapper PUBLIC "-//mybatis.org//DTD Mapper 3.0//EN" "http://mybatis.org/dtd/mybatis-3-mapper.dtd">

<mapper namespace="com.dgtec.mapper.SysUserMapper">

    <resultMap id="ResultMap" type="com.dgtec.entity.SysUser">
        <id column="ID" property="id" jdbcType="DECIMAL"/>
        <result column="USERNAME" property="username" jdbcType="VARCHAR"/>
        <result column="NAME" property="name" jdbcType="VARCHAR"/>
        <result column="PASSWORD" property="password" jdbcType="VARCHAR"/>
        <result column="SALT" property="salt" jdbcType="VARCHAR"/>
        <result column="EMAIL" property="email" jdbcType="VARCHAR"/>
        <result column="MOBILE" property="mobile" jdbcType="VARCHAR"/>
        <result column="CREATE_TIME" property="createTime" jdbcType="DECIMAL"/>
        <result column="EXPIRED_TIME" property="expiredTime" jdbcType="DECIMAL"/>
        <result column="STATUS" property="status" jdbcType="DECIMAL"/>
        <result column="TENANT_ID" property="tenantId" jdbcType="DECIMAL"/>

        <collection property="roleList" ofType="com.dgtec.entity.SysRole">
            <id column="ROLE_ID" property="id" jdbcType="DECIMAL"/>
            <result column="ROLE" property="name" jdbcType="VARCHAR"/>
        </collection>

    </resultMap>

    <select id="getUserByUsername" resultType="com.dgtec.entity.SysUser">
		select * from sys_user where username = #{username}
	</select>

    <select id="findList" resultMap="ResultMap">
        SELECT U.ID, USERNAME, U.NAME, EMAIL, MOBILE, U.STATUS, CREATE_TIME, U.TENANT_ID, UR.ROLE_ID, R.NAME ROLE
        FROM SYS_USER U
        JOIN (SELECT ID FROM SYS_USER
                <where>
                    <if test="user.username!=null and user.username!=''">
                        AND USERNAME = #{user.username, jdbcType=VARCHAR}
                    </if>
                    <if test="user.tenantId!=null">
                        AND TENANT_ID = #{user.tenantId, jdbcType=DECIMAL}
                    </if>
                </where>
              ORDER BY ID ASC LIMIT #{start, jdbcType=DECIMAL}, #{limit, jdbcType=DECIMAL}) U1 ON U.ID =U1.ID
        LEFT JOIN SYS_USER_ROLE UR ON U.ID = UR.USER_ID
        LEFT JOIN SYS_ROLE R ON UR.ROLE_ID = R.ID
        ORDER BY U.ID, UR.ROLE_ID ASC
    </select>

    <select id="findListGrantRole" resultMap="ResultMap">
        select u.ID, USERNAME, U.NAME, EMAIL, MOBILE, u.STATUS, CREATE_TIME, U.TENANT_ID, UR1.ROLE_ID, R.NAME ROLE
        from sys_user u join sys_user_role ur on u.id = ur.user_id
        join sys_user_role ur1 on u.id = ur1.user_id
        join sys_role r on r.id = ur1.role_id
        <where>
            <if test="roleId!=null">
                UR.ROLE_ID = #{roleId, jdbcType=DECIMAL}
            </if>
            <if test="tenantId!=null">
                AND U.TENANT_ID = #{tenantId, jdbcType=DECIMAL}
            </if>
        </where>
        order by U.ID, UR1.ROLE_ID ASC
    </select>

	<insert id="addUser" parameterType="com.dgtec.system.model.User">
        insert into s_user (sus_code,sus_name) values (#{code}, #{username})
    </insert>

	<update id="updateUserById" parameterType="com.dgtec.system.model.User">
        update s_user set sus_code=#{code},sus_name=#{username} where id=#{id}
    </update>

	<!--delete id="deleteUserById">
        delete from s_user where sus_id=#{id}
    </delete-->
</mapper>