<?xml version="1.0" encoding="UTF-8" ?>
<Configuration status="INFO">
    <!--变量设置-->
    <Properties>
        <Property name="debugLog">d:/log/dtwateraffair/debug.log</Property>
        <Property name="operateLog">d:/log/dtwateraffair/operate.log</Property>
        <Property name="sqlLog">d:/log/dtwateraffair/sql.log</Property>
        <Property name="errorLog">d:/log/dtwateraffair/error.log</Property>

        <Property name="debugPattern">d:/log/%d{yyyy-MM-dd}/debug_%i.log.gz</Property>
        <Property name="operatePattern">d:/log/%d{yyyy-MM-dd}/operate_%i.log.gz</Property>
        <Property name="sqlPattern">d:/log/%d{yyyy-MM-dd}/sql_%i.log.gz</Property>
        <Property name="errorPattern">d:/log/%d{yyyy-MM-dd}/error_%i.log.gz</Property>
S
        <Property name="dbUrl">jdbc:mysql://localhost:3306/wateraffair</Property>
        <Property name="dbUsername">root</Property>
        <Property name="dbUserpsd">1234</Property>
    </Properties>

    <Appenders>
        <Console name="console" target="SYSTEM_OUT">
            <PatternLayout pattern="[%-5level] %d{yyyy-MM-dd HH:mm:ss.SSS} [%t] %c{1} - %msg%n"/>
            <ThresholdFilter level="debug" onMatch="ACCEPT" onMismatch="DENY"/>
        </Console>

        <RollingFile name="debug" fileName="${debugLog}" filePattern="${debugPattern}">
            <Filters>
                <ThresholdFilter level="debug" onMatch="ACCEPT" onMismatch="DENY"/>
            </Filters>
            <PatternLayout pattern="%d{yyyy-MM-dd HH:mm:ss.SSS} [%t] %-5level %l - %m%n"/>
            <Policies>
                <TimeBasedTriggeringPolicy interval="1" modulate="true"/>
                <!--超过80M就会压缩-->
                <SizeBasedTriggeringPolicy size="80 MB"/>
            </Policies>
            <!-- DefaultRolloverStrategy属性如不设置，则默认为最多同一文件夹下7个文件开始覆盖-->
            <DefaultRolloverStrategy max="10"/>
        </RollingFile>

        <RollingFile name="error" fileName="${errorLog}" filePattern="${errorPattern}">
            <Filters>
                <ThresholdFilter level="warn" onMatch="ACCEPT" onMismatch="DENY"/>
            </Filters>
            <PatternLayout pattern="%d{yyyy-MM-dd HH:mm:ss.SSS} [%t] %-5level %l - %m%n"/>
            <Policies>
                <TimeBasedTriggeringPolicy interval="1" modulate="true"/>
                <!--超过80M就会压缩-->
                <SizeBasedTriggeringPolicy size="80 MB"/>
            </Policies>
            <!-- DefaultRolloverStrategy属性如不设置，则默认为最多同一文件夹下7个文件开始覆盖-->
            <DefaultRolloverStrategy max="10"/>
        </RollingFile>

        <!-- 把登陆信息打到这个文件里  -->
        <File name="operate" fileName="${operateLog}">
            <PatternLayout pattern="%d{yyyy-MM-dd HH:mm:ss.SSS} [%t] %-5level %-5X{method} %X{class} %X{ip} %X{username} %n"/>
            <!--'%X{username}', '%X{location}', '%m' -->
            <!--<Column name="THROWABLE" pattern="%ex{full}" />-->
        </File>

        <!--配置自定义日志，按天输出 RollingRandomAccessFileAppender-->
        <RollingFile name="sql" fileName="${sqlLog}" filePattern="${sqlPattern}">
            <Filters>
                <ThresholdFilter level="debug" onMatch="ACCEPT" onMismatch="DENY"/>
            </Filters>
            <PatternLayout pattern="%d{yyyy-MM-dd HH:mm:ss.SSS} [%X{name}] %-5level %l - %m%n"/>
            <Policies>
                <TimeBasedTriggeringPolicy interval="1" modulate="true"/>
                <!--超过80M就会压缩-->
                <SizeBasedTriggeringPolicy size="80 MB"/>
            </Policies>
            <!-- DefaultRolloverStrategy属性如不设置，则默认为最多同一文件夹下7个文件开始覆盖-->
            <DefaultRolloverStrategy max="3"/>
        </RollingFile>

        <!-- JDBCAppender -->
        <JDBC name="dboperate" tableName="sys_log">
            <DriverManager connectionString="${dbUrl}?characterEncoding=UTF-8&amp;serverTimezone=UTC&amp;nullCatalogMeansCurrent=true&amp;failOverReadOnly=false&amp;autoReconnect=true"
                           driverClassName="com.mysql.jdbc.Driver"
                           username="${dbUsername}"
                           password="${dbUserpsd}" />
            <Column name="username" pattern="%X{username}" />
            <Column name="ip" pattern="%X{ip}" />
            <Column name="method" pattern="%X{method}" />
            <Column name="uri" pattern="%X{uri}" />
            <Column name="user_agent" pattern="%X{user_agent}" />
            <Column name="level" pattern="%level" />
            <!--<Column name="class" pattern="%X{class}" />
            <Column name="function" pattern="%X{function}" />-->
            <Column name="line" pattern="%L" />
            <Column name="args" pattern="%X{args}" />
            <Column name="status" pattern="%X{success}" />
            <Column name="return_value" pattern="%X{msg}" />
            <Column name="create_time" pattern="%X{create_time}" />
            <!--<Column name="create_time" isEventTimestamp="true" />-->
            <Column name="executed_time" pattern="%X{executed_time}" />
        </JDBC>

        <!-- JDBCAppender -->
        <JDBC name="dbsql" tableName="sys_log_sql">
            <DriverManager connectionString="${dbUrl}?characterEncoding=UTF-8&amp;serverTimezone=UTC&amp;nullCatalogMeansCurrent=true&amp;failOverReadOnly=false&amp;autoReconnect=true"
                           driverClassName="com.mysql.jdbc.Driver"
                           username="${dbUsername}"
                           password="${dbUserpsd}" />
            <Column name="name" pattern="%X{name}" />
            <Column name="type" pattern="%X{type}" />
            <Column name="msg" pattern="%X{sql}" />
            <Column name="create_time" pattern="%X{create_time}" />
            <Column name="executed_time" pattern="%X{executed_time}" />
        </JDBC>
    </Appenders>

    <Loggers>
        <Logger name="com.dgtec.mapper" level="debug" additivity="true">
            <AppenderRef ref="sql"/>
            <AppenderRef ref="console"/>
        </Logger>

        <Logger name="com.dgtec.aop.SqlCostInterceptor" level="debug" additivity="true">
            <AppenderRef ref="sql"/>
            <AppenderRef ref="dbsql"/>
            <AppenderRef ref="console"/>
        </Logger>

        <Logger name="com.dgtec.aop.LogAspect" level="debug" additivity="true">
            <AppenderRef ref="operate"/>
            <AppenderRef ref="dboperate"/>
            <AppenderRef ref="console"/>
        </Logger>

        <!--过滤掉spring和mybatis的一些无用的DEBUG信息-->
        <logger name="org.mybatis" level="info" additivity="false">
            <AppenderRef ref="console"/>
        </logger>

        <!--监控系统信息-->
        <!--若是additivity设为false，则 子Logger 只会在自己的appender里输出，而不会在 父Logger 的appender里输出。-->
        <Logger name="org.springframework" level="info" additivity="false">
            <AppenderRef ref="console"/>
        </Logger>

        <Root level="error" additivity="true">
            <AppenderRef ref="console"/>
            <AppenderRef ref="error"/>
        </Root>
    </Loggers>
</Configuration>
